job_position,job_link,company_name,company_profile,job_location,job_posting_date
Low-Level Researcher & Developer,https://il.linkedin.com/jobs/view/low-level-researcher-developer-at-paragon-3623806364?refId=RWtfeiEOiuE17eNfTWIrKw%3D%3D&trackingId=RkZQUbI9N3f3rw8i%2BzE5LA%3D%3D&position=1&pageNum=1&trk=public_jobs_jserp-result_search-card,Paragon,https://il.linkedin.com/company/paragon-cyber?trk=public_jobs_jserp-result_job-search-card-subtitle,"Tel Aviv-Yafo, Tel Aviv District, Israel",2023-06-05
Full-Stack Developer,https://il.linkedin.com/jobs/view/full-stack-developer-at-insphire-3668159081?refId=RWtfeiEOiuE17eNfTWIrKw%3D%3D&trackingId=lKBJQnh7kwu3nqM7TnyEJw%3D%3D&position=2&pageNum=1&trk=public_jobs_jserp-result_search-card,InspHire,https://il.linkedin.com/company/insphireisrael?trk=public_jobs_jserp-result_job-search-card-subtitle,"Tel Aviv-Yafo, Tel Aviv District, Israel",2023-07-18
Data Science Researcher,https://il.linkedin.com/jobs/view/data-science-researcher-at-ziprecruiter-2475124079?refId=RWtfeiEOiuE17eNfTWIrKw%3D%3D&trackingId=Tm5e4TqiZm0%2BeaKr2bDvQA%3D%3D&position=3&pageNum=1&trk=public_jobs_jserp-result_search-card,ZipRecruiter,https://www.linkedin.com/company/ziprecruiter?trk=public_jobs_jserp-result_job-search-card-subtitle,"Tel Aviv-Yafo, Tel Aviv District, Israel",2023-07-18
Software Engineer,https://il.linkedin.com/jobs/view/software-engineer-at-ptc-3599771257?refId=RWtfeiEOiuE17eNfTWIrKw%3D%3D&trackingId=ktH9VCFifdvr6ZgAmaohFg%3D%3D&position=4&pageNum=1&trk=public_jobs_jserp-result_search-card,PTC,https://www.linkedin.com/company/ptcinc?trk=public_jobs_jserp-result_job-search-card-subtitle,"Haifa, Haifa District, Israel",2023-07-04
Full Stack Data Scientist,https://il.linkedin.com/jobs/view/full-stack-data-scientist-at-myheritage-3641747547?refId=RWtfeiEOiuE17eNfTWIrKw%3D%3D&trackingId=YUfFtvkwHtJp3AQpXui4dA%3D%3D&position=5&pageNum=1&trk=public_jobs_jserp-result_search-card,MyHeritage,https://il.linkedin.com/company/myheritage?trk=public_jobs_jserp-result_job-search-card-subtitle,"Or Yehuda, Tel Aviv District, Israel",2023-06-08
Full-Stack Developer,https://il.linkedin.com/jobs/view/full-stack-developer-at-paragon-3650996555?refId=RWtfeiEOiuE17eNfTWIrKw%3D%3D&trackingId=vTr8x9Z4RvtdGEvitXv4Sw%3D%3D&position=6&pageNum=1&trk=public_jobs_jserp-result_search-card,Paragon,https://il.linkedin.com/company/paragon-cyber?trk=public_jobs_jserp-result_job-search-card-subtitle,"Tel Aviv-Yafo, Tel Aviv District, Israel",2023-07-06
Head of Business Analytics,https://il.linkedin.com/jobs/view/head-of-business-analytics-at-keshet-media-group-3623801752?refId=RWtfeiEOiuE17eNfTWIrKw%3D%3D&trackingId=Veg7KwvQefxzGtLltK8bRg%3D%3D&position=7&pageNum=1&trk=public_jobs_jserp-result_search-card,Keshet Media Group,https://il.linkedin.com/company/keshet-tv?trk=public_jobs_jserp-result_job-search-card-subtitle,"Tel Aviv-Yafo, Tel Aviv District, Israel",2023-06-05
System Engineer at ZEISS,https://il.linkedin.com/jobs/view/system-engineer-at-zeiss-at-north-high-tech-park-%D7%A4%D7%90%D7%A8%D7%A7-%D7%94%D7%99%D7%99%D7%98%D7%A7-%D7%A6%D7%A4%D7%95%D7%9F-3623804620?refId=RWtfeiEOiuE17eNfTWIrKw%3D%3D&trackingId=LMALGggyN2TmnS%2BTrF61LQ%3D%3D&position=8&pageNum=1&trk=public_jobs_jserp-result_search-card,North High Tech Park | פארק הייטק צפון,https://il.linkedin.com/company/north-high-tech-park?trk=public_jobs_jserp-result_job-search-card-subtitle,"Misgav Regional Council, North District, Israel",2023-06-05
Performance SW Engineer,https://il.linkedin.com/jobs/view/performance-sw-engineer-at-fundguard-3669587447?refId=RWtfeiEOiuE17eNfTWIrKw%3D%3D&trackingId=V78GyZAdbP%2BUkmaIv0Z5ZQ%3D%3D&position=9&pageNum=1&trk=public_jobs_jserp-result_search-card,FundGuard,https://www.linkedin.com/company/fundguard?trk=public_jobs_jserp-result_job-search-card-subtitle,"Tel Aviv-Yafo, Tel Aviv District, Israel",2023-06-25
Backend Engineer,https://il.linkedin.com/jobs/view/backend-engineer-at-quantum-machines-3678067258?refId=RWtfeiEOiuE17eNfTWIrKw%3D%3D&trackingId=OcUqS%2BnmUPnNWgB951BvyQ%3D%3D&position=10&pageNum=1&trk=public_jobs_jserp-result_search-card,Quantum Machines,https://il.linkedin.com/company/quantumachines?trk=public_jobs_jserp-result_job-search-card-subtitle,"Tel Aviv-Yafo, Tel Aviv District, Israel",2023-07-16
GenAI/NLP Algorithm Developer,https://il.linkedin.com/jobs/view/genai-nlp-algorithm-developer-at-wsc-sports-3673521673?refId=RWtfeiEOiuE17eNfTWIrKw%3D%3D&trackingId=rbOOPjHbBLE96uNugfTjBA%3D%3D&position=11&pageNum=1&trk=public_jobs_jserp-result_search-card,WSC Sports,https://il.linkedin.com/company/wsc-sports-technologies?trk=public_jobs_jserp-result_job-search-card-subtitle,"Ramat Gan, Tel Aviv District, Israel",2023-07-02
Data Scientist,https://il.linkedin.com/jobs/view/data-scientist-at-ziprecruiter-2475122481?refId=RWtfeiEOiuE17eNfTWIrKw%3D%3D&trackingId=YB1f7INGg9qpdPaaolvg8A%3D%3D&position=12&pageNum=1&trk=public_jobs_jserp-result_search-card,ZipRecruiter,https://www.linkedin.com/company/ziprecruiter?trk=public_jobs_jserp-result_job-search-card-subtitle,"Tel Aviv-Yafo, Tel Aviv District, Israel",2023-07-25
Full Stack Developer,https://il.linkedin.com/jobs/view/full-stack-developer-at-novidea-3650032836?refId=RWtfeiEOiuE17eNfTWIrKw%3D%3D&trackingId=dq7vvimB2d8YLoyTKDBNcQ%3D%3D&position=13&pageNum=1&trk=public_jobs_jserp-result_search-card,Novidea,https://il.linkedin.com/company/novidea-software?trk=public_jobs_jserp-result_job-search-card-subtitle,"Netanya, Center District, Israel",2023-07-05
"DATA SCIENTIST - Dubai, UAE",https://il.linkedin.com/jobs/view/data-scientist-dubai-uae-at-cobblestone-energy-3641766216?refId=RWtfeiEOiuE17eNfTWIrKw%3D%3D&trackingId=BHqyVUXVpbz487u95gVSkw%3D%3D&position=14&pageNum=1&trk=public_jobs_jserp-result_search-card,Cobblestone Energy,https://ae.linkedin.com/company/cobblestone-energy?trk=public_jobs_jserp-result_job-search-card-subtitle,"Tel Aviv-Yafo, Tel Aviv District, Israel",2023-06-05
"Researcher, Innovation Team",https://il.linkedin.com/jobs/view/researcher-innovation-team-at-silverfort-3642760269?refId=RWtfeiEOiuE17eNfTWIrKw%3D%3D&trackingId=VvXbCMLBPLB6LuLjJnJmKg%3D%3D&position=15&pageNum=1&trk=public_jobs_jserp-result_search-card,Silverfort,https://il.linkedin.com/company/silverfort?trk=public_jobs_jserp-result_job-search-card-subtitle,"Tel Aviv-Yafo, Tel Aviv District, Israel",2023-06-27
Senior Backend Engineer,https://il.linkedin.com/jobs/view/senior-backend-engineer-at-intel-corporation-3674800816?refId=RWtfeiEOiuE17eNfTWIrKw%3D%3D&trackingId=Bsic196ChpnHKYA3aPGGCA%3D%3D&position=16&pageNum=1&trk=public_jobs_jserp-result_search-card,Intel Corporation,https://www.linkedin.com/company/intel-corporation?trk=public_jobs_jserp-result_job-search-card-subtitle,"Tel Aviv-Yafo, Tel Aviv District, Israel",2023-07-25
Backend Team Lead,https://il.linkedin.com/jobs/view/backend-team-lead-at-nanit-3659223466?refId=RWtfeiEOiuE17eNfTWIrKw%3D%3D&trackingId=RmsSB2yU6znXHDmtzHIepg%3D%3D&position=17&pageNum=1&trk=public_jobs_jserp-result_search-card,Nanit,https://www.linkedin.com/company/nanit?trk=public_jobs_jserp-result_job-search-card-subtitle,"Tel Aviv-Yafo, Tel Aviv District, Israel",2023-07-10
Senior Software Engineer \ Tech Lead - Innovation Labs,https://il.linkedin.com/jobs/view/senior-software-engineer-tech-lead-innovation-labs-at-bmc-software-3667663761?refId=RWtfeiEOiuE17eNfTWIrKw%3D%3D&trackingId=LSJDpIJLbh6Wo6L5P1J1nQ%3D%3D&position=18&pageNum=1&trk=public_jobs_jserp-result_search-card,BMC Software,https://www.linkedin.com/company/bmc-software?trk=public_jobs_jserp-result_job-search-card-subtitle,"Tel Aviv-Yafo, Tel Aviv District, Israel",2023-07-27
Data Science Lead,https://il.linkedin.com/jobs/view/data-science-lead-at-cycode-3646841090?refId=RWtfeiEOiuE17eNfTWIrKw%3D%3D&trackingId=qhqSODLHWoYiYrG8%2B0OMkA%3D%3D&position=19&pageNum=1&trk=public_jobs_jserp-result_search-card,Cycode,https://il.linkedin.com/company/cycode?trk=public_jobs_jserp-result_job-search-card-subtitle,"Tel Aviv-Yafo, Tel Aviv District, Israel",2023-07-02
R&D Laboratory Practical Engineer,https://il.linkedin.com/jobs/view/r-d-laboratory-practical-engineer-at-dustphotonics-3657004464?refId=RWtfeiEOiuE17eNfTWIrKw%3D%3D&trackingId=YDnb3pgljHJ5H5YxVhu51A%3D%3D&position=20&pageNum=1&trk=public_jobs_jserp-result_search-card,DustPhotonics,https://il.linkedin.com/company/dustphotonics?trk=public_jobs_jserp-result_job-search-card-subtitle,"Modiin-Maccabim-Reut, Center District, Israel",2023-07-11
Senior Software Engineer,https://il.linkedin.com/jobs/view/senior-software-engineer-at-checkmarx-3664050163?refId=RWtfeiEOiuE17eNfTWIrKw%3D%3D&trackingId=Vlx%2FuOfHZ7tM%2BT51z1aw8w%3D%3D&position=21&pageNum=1&trk=public_jobs_jserp-result_search-card,Checkmarx,https://www.linkedin.com/company/checkmarx?trk=public_jobs_jserp-result_job-search-card-subtitle,"Ramat Gan, Tel Aviv District, Israel",2023-06-22
Senior Software Engineer,https://il.linkedin.com/jobs/view/senior-software-engineer-at-sensibo-3598180748?refId=RWtfeiEOiuE17eNfTWIrKw%3D%3D&trackingId=KYTol0hrxEI66tT1tzjvLA%3D%3D&position=22&pageNum=1&trk=public_jobs_jserp-result_search-card,Sensibo,https://www.linkedin.com/company/sensibo?trk=public_jobs_jserp-result_job-search-card-subtitle,"Tel Aviv-Yafo, Tel Aviv District, Israel",2023-05-05
Data Architect - Microsoft 365 Specialist,https://www.linkedin.com/jobs/view/data-architect-microsoft-365-specialist-at-roga-analytics-3678763462?refId=RWtfeiEOiuE17eNfTWIrKw%3D%3D&trackingId=IXKiFXhryIEstMNZ1FOIYQ%3D%3D&position=23&pageNum=1&trk=public_jobs_jserp-result_search-card,Roga Analytics,https://il.linkedin.com/company/roga-analytics?trk=public_jobs_jserp-result_job-search-card-subtitle,Jerusalem,2023-07-30
Data Science Lead,https://il.linkedin.com/jobs/view/data-science-lead-at-identiq-3623805387?refId=RWtfeiEOiuE17eNfTWIrKw%3D%3D&trackingId=YoBgRr2QoyKMQlvWsGy1gw%3D%3D&position=24&pageNum=1&trk=public_jobs_jserp-result_search-card,Identiq,https://il.linkedin.com/company/identiqprotocol?trk=public_jobs_jserp-result_job-search-card-subtitle,"Tel Aviv-Yafo, Tel Aviv District, Israel",2023-06-05
Senior Backend Engineer - Data Team,https://il.linkedin.com/jobs/view/senior-backend-engineer-data-team-at-granulate-an-intel-company-3682442918?refId=RWtfeiEOiuE17eNfTWIrKw%3D%3D&trackingId=I1bJXocNUhyfJk6Jr0Ylow%3D%3D&position=25&pageNum=1&trk=public_jobs_jserp-result_search-card,Granulate (An Intel Company),https://il.linkedin.com/company/granulate.io?trk=public_jobs_jserp-result_job-search-card-subtitle,"Tel Aviv District, Israel",2023-08-03
